strain,temp,stress
0.4200969,0.333333333,0.835579745
0.86029003,0.5,0.623570234
0.01589892,1.0,0.277684278
0.549077095,0.833333333,0.324800014
0.567334595,0.5,0.685952828
0.74520432,1.0,0.095983392
0.63930822,0.333333333,0.730061288
0.07208335,0.333333333,0.801569996
0.24736401,1.0,0.241607224
0.048768215,0.066666667,0.825124371
0.073797075,0.333333333,0.802031179
0.20197531,0.066666667,0.881480787
0.014890935,0.833333333,0.383079832
0.01653228,0.333333333,0.66127496
0.11609716,1.0,0.26465214
0.71439112,0.5,0.668565358
0.392547905,1.0,0.219474533
0.501048125,0.5,0.694353829
0.01509353,1.0,0.277285086
0.1164624,0.833333333,0.426772769
8.1e-05,0.333333333,-0.002055634
0.27199639,0.066666667,0.89774589
0.069099635,0.833333333,0.440787758
0.19494976,0.5,0.72061197
0.089106835,0.5,0.717428463
0.18316642,0.5,0.721131344
0.77292356,0.5,0.656960181
0.356309625,0.066666667,0.908966369
0.654669935,1.0,0.151089381
0.21762785,0.066666667,0.885928152
0.05791568,0.833333333,0.444085542
0.358411585,0.833333333,0.374035601
0.06862822,0.333333333,0.800563066
0.59841329,0.333333333,0.794487733
0.639317135,0.5,0.678926965
0.14037702,0.5,0.720963322
0.185413545,0.066666667,0.876508528
0.570930775,1.0,0.181387279
0.825315495,0.5,0.6415767
0.004872835,0.333333333,0.24020051
0.41792776,0.333333333,0.835546227
0.494283935,0.333333333,0.829033691
0.28633065,1.0,0.235689466
0.631337115,0.5,0.679626255
0.36277195,0.833333333,0.372945511
0.2217162,1.0,0.245562131
-0.00181367,0.833333333,0.000369352
0.016886765,0.066666667,0.589038135
0.270696695,0.833333333,0.39157427
0.20072741,0.333333333,0.834816964
0.21761426,0.333333333,0.83747527
0.117956385,0.333333333,0.816420706
0.474379755,0.5,0.697351447
0.268553385,1.0,0.237747635
0.046775715,0.833333333,0.447409263
0.659257445,0.5,0.676287391
0.36548555,0.5,0.708750015
0.174636265,0.066666667,0.872981492
0.922898245,0.5,0.560352665
0.15030683,0.5,0.721628715
0.007304565,1.0,0.243437528
0.289443625,1.0,0.235266392
0.52693589,0.066666667,0.795532128
0.46114356,0.833333333,0.351130349
0.179822815,0.333333333,0.831350965
0.74915439,0.833333333,0.199991446
0.8037604,0.5,0.649091978
0.34053342,0.333333333,0.84017692
0.33013515,0.333333333,0.840163223
0.105879005,0.833333333,0.429238494
0.40253544,0.5,0.70476652
0.10135511,0.333333333,0.811506895
0.189552075,0.833333333,0.407880391
0.512953485,1.0,0.196870701
0.685851165,0.833333333,0.253416158
0.781031515,0.833333333,0.131178403
0.570692865,0.333333333,0.814286549
0.25118847,0.333333333,0.83983387
0.488168215,0.5,0.695863288
0.523211305,1.0,0.19454654
0.01999487,0.5,0.681852083
0.00194402,0.066666667,0.01497768
0.35205087,0.066666667,0.908546139
0.365453375,0.333333333,0.838750734
0.003887235,0.5,0.151662098
0.535119855,1.0,0.191570986
0.72494265,0.833333333,0.222289536
0.81046653,0.5,0.646750938
0.02281649,0.833333333,0.423109688
0.477826345,0.5,0.697001397
0.485642635,0.066666667,0.850586912
0.601697245,0.833333333,0.303914176
0.01039965,0.333333333,0.451603603
0.81318087,0.5,0.645809095
0.12567462,0.833333333,0.42359042
0.01106455,0.833333333,0.322514736
0.008045515,0.833333333,0.251039621
0.25890472,0.333333333,0.840069389
0.643324365,0.833333333,0.281769585
0.232815135,0.066666667,0.889433932
0.043075875,1.0,0.277911271
0.329203035,1.0,0.229054701
0.93217467,0.5,0.545739969
0.581389375,0.333333333,0.808425109
0.275362865,0.5,0.716591063
0.136762295,0.5,0.721005287
0.34002112,0.5,0.711192524
0.74979002,0.5,0.662479235
0.21930406,0.066666667,0.886384147
0.23916031,0.333333333,0.838989876
0.151443785,1.0,0.257764635
0.03350975,0.333333333,0.789157088
0.45962215,0.5,0.698852889
0.360790405,1.0,0.224673825
0.025041715,0.066666667,0.787511602
0.01115615,0.5,0.428577848
0.234107275,0.5,0.719049886
0.490622965,0.333333333,0.829518763
0.382230375,0.333333333,0.838238034
0.010849165,0.833333333,0.318590963
0.460901605,0.333333333,0.831887865
0.440849865,0.333333333,0.833880361
0.017096195,0.066666667,0.596900524
-0.001715445,0.833333333,-1.32e-05
0.053426925,0.833333333,0.445557014
0.663198215,0.333333333,0.0
0.26093758,0.5,0.717783594
0.005992115,0.333333333,0.278826078
0.263260745,0.333333333,0.840548142
0.03771411,0.066666667,0.820106296
0.64694273,0.333333333,0.711023552
0.547379125,0.833333333,0.325561716
0.548800435,1.0,0.187880575
0.15912284,0.333333333,0.826950674
0.94568644,0.5,0.521091167
0.641419715,0.333333333,0.724774702
0.18888668,0.066666667,0.877658506
0.25222315,0.066666667,0.893961435
0.057786185,0.066666667,0.82911687
0.59074965,0.333333333,0.802075918
0.01411994,0.5,0.528537023
0.17395248,0.5,0.721515519
-0.00133185,0.833333333,-0.000554079
0.289466795,0.066666667,0.900894488
0.35307512,0.066666667,0.90874347
0.450854845,0.333333333,0.832912981
0.663646585,0.833333333,0.268932033
0.83974478,0.5,0.635182265
0.45195949,0.333333333,0.832695134
0.39645106,0.833333333,0.36631849
0.67365534,0.833333333,0.262212832
0.24800012,0.833333333,0.395722034
0.144829875,0.5,0.720814704
0.488163735,0.333333333,0.829767072
0.15927769,0.833333333,0.415274166
0.414295385,0.5,0.703776471
0.16241802,0.066666667,0.86882857
0.348088045,0.066666667,0.908215683
0.584948965,0.833333333,0.311516789
0.476098815,0.333333333,0.830832973
0.01103643,0.333333333,0.476388338
0.44172567,0.5,0.700771115
0.007220275,0.833333333,0.231657957
0.712009115,0.833333333,0.231709629
0.25808114,0.5,0.718075142
0.258638475,0.833333333,0.393302055
0.0759975,0.833333333,0.438782115
0.302518205,0.333333333,0.841154517
0.028844735,0.066666667,0.806548574
0.272200105,0.333333333,0.841232358
0.482342285,0.5,0.696331387
0.167368385,0.066666667,0.870545302
0.67782336,0.5,0.673707693
0.589412905,0.333333333,0.803048084
0.24427939,1.0,0.242037547
0.22356289,0.333333333,0.837812359
0.11992081,0.833333333,0.425719103
0.244668515,0.5,0.718855834
0.005376815,1.0,0.204571686
0.000108,0.333333333,-0.001744061
0.778590425,0.833333333,0.140037077
0.062183735,0.066666667,0.831009625
0.70588357,1.0,0.123913593
0.82665595,0.5,0.640996968
0.186285615,0.066666667,0.876852402
0.963565395,0.5,0.0
0.037230685,1.0,0.278576446
0.219839045,0.833333333,0.40191348
0.85892451,1.0,9.32e-05
0.308807295,0.833333333,0.383679417
0.577432305,0.333333333,0.810947765
0.04105711,1.0,0.278087701
0.46824039,0.066666667,0.870652952
0.11482772,1.0,0.2649124
0.062785775,1.0,0.275031013
0.134322085,1.0,0.261294877
0.566621505,0.333333333,0.816321336
0.04142402,0.066666667,0.821933952
0.53184281,0.5,0.69053432
0.77036859,1.0,0.071113185
0.46865675,0.5,0.697754137
0.119623735,0.333333333,0.816713162
0.426365515,0.5,0.702579768
0.59183646,1.0,0.175251776
0.15748948,0.066666667,0.867160531
7.15e-05,0.333333333,0.000922428
0.280171905,0.333333333,0.841061062
0.643385505,0.5,0.678442286
0.171359265,0.066666667,0.871698223
0.602055135,0.333333333,0.790707759
0.267977955,0.833333333,0.39211213
0.18283485,0.066666667,0.875649468
0.79853774,1.0,0.038675542
0.01325996,0.5,0.501197784
0.018632825,0.5,0.657816265
0.80435892,1.0,0.033101708
0.60382731,1.0,0.170975513
0.55723469,1.0,0.185512253
0.013057055,0.066666667,0.434023718
0.28014772,0.833333333,0.389518545
0.158319965,0.333333333,0.826725566
0.45051092,0.833333333,0.353757748
0.111488815,1.0,0.265460825
0.88606534,0.5,0.603776493
0.86155944,0.5,0.622758804
0.125674175,0.066666667,0.855976888
0.36287118,0.066666667,0.909541333
0.001787015,0.833333333,0.085479704
0.070234375,0.833333333,0.440469252
0.12437601,1.0,0.263284743
0.05896866,0.5,0.71374871
0.029644075,0.833333333,0.443356569
0.312557215,0.5,0.713186255
0.25460568,0.333333333,0.840051322
0.113868025,0.333333333,0.815194656
0.71996652,0.5,0.667862766
0.24467737,0.066666667,0.892378794
0.66774137,0.833333333,0.2663987
0.09426104,1.0,0.268928797
0.276132995,0.833333333,0.390373374
0.19900419,0.333333333,0.834620491
0.5958672,0.333333333,0.797201284
0.901138775,0.5,0.588525196
0.10802665,1.0,0.266111238
0.04115389,0.333333333,0.791536536
0.02009993,0.066666667,0.704064665
0.07546101,0.5,0.716105898
0.02374801,0.833333333,0.426693297
0.138394355,0.333333333,0.822041301
0.1747282,0.333333333,0.830485556
0.460756455,0.5,0.698783302
0.104260755,0.5,0.719062414
0.392233405,0.066666667,0.910509064
0.51447551,0.333333333,0.826919696
0.257106695,0.5,0.718166084
0.811874735,0.5,0.646250635
-5.05e-05,0.333333333,0.004546753
0.526226805,0.333333333,0.825350315
0.08815621,0.066666667,0.841362659
0.88128355,0.5,0.607694728
0.254180735,0.5,0.718474473
0.58857329,0.5,0.684868982
0.19233936,0.333333333,0.833467791
0.01204592,0.5,0.458149317
0.552577985,0.5,0.688555928
0.40368793,0.833333333,0.364705178
0.068135,0.5,0.715079604
0.574630715,0.5,0.68588617
0.60552284,0.833333333,0.302281674
0.53147837,0.333333333,0.824634243
0.062324375,0.833333333,0.442592413
0.657906885,0.5,0.676399161
0.53307555,0.066666667,0.785483376
0.499862015,0.5,0.694544214
0.229515715,0.5,0.719406465
-0.000496,0.833333333,0.007243123
0.058659135,0.066666667,0.829543693
0.394091465,0.5,0.705481476
0.165270885,0.833333333,0.413987348
0.00577657,1.0,0.213985606
0.928637165,0.5,0.551522372
0.02281156,0.333333333,0.767616604
0.490519805,0.5,0.695720662
0.912734495,0.5,0.574754079
0.31130094,1.0,0.232113642
0.00322176,0.066666667,0.052620828
0.00839702,1.0,0.25656511
0.06481874,0.066666667,0.831962896
0.13429791,0.333333333,0.821147417
0.651192485,0.5,0.67699975
0.1681158,0.333333333,0.82853694
0.226083755,0.066666667,0.888029533
0.47729195,0.333333333,0.830803364
0.339793645,0.833333333,0.378106197
0.305315645,0.066666667,0.903568096
0.73184973,1.0,0.105764587
0.043936965,0.333333333,0.792121976
0.253199015,0.5,0.718493511
0.18568624,0.333333333,0.83253501
0.18676046,0.5,0.721151621
0.80612823,1.0,0.031347981
0.111733995,0.833333333,0.427853265
0.19223644,0.066666667,0.878640332
0.65933331,0.333333333,0.675635862
0.420470375,0.066666667,0.906301934
0.00633858,0.833333333,0.20722961
0.261903225,0.5,0.717705772
0.002494735,0.833333333,0.112581259
0.510392705,0.833333333,0.33739202
0.188037885,0.066666667,0.877207091
0.17216619,0.066666667,0.871860158
0.01192784,0.333333333,0.508959215
0.189759455,0.066666667,0.877904601
0.259961655,0.833333333,0.393056229
0.518660895,0.833333333,0.33499825
0.90782712,0.5,0.580271669
0.039239275,0.333333333,0.790848548
0.11779974,0.5,0.720295616
0.410655285,0.333333333,0.835295636
0.327763895,0.5,0.712384025
0.52230223,0.333333333,0.825928155
0.07117559,1.0,0.273662018
0.628478155,1.0,0.161789337
0.173092315,0.333333333,0.830071981
0.43838419,0.5,0.700833814
0.017296485,0.066666667,0.604691459
0.56143834,0.833333333,0.320619807
0.39092083,0.5,0.705908842
0.00217779,1.0,0.075122454
0.22528459,0.333333333,0.837839009
0.000722995,0.066666667,0.003795161
0.14426515,0.333333333,0.823742231
0.239858365,0.5,0.719211033
0.090582885,0.333333333,0.807447928
0.069098795,1.0,0.274042253
0.37441943,0.066666667,0.909940923
0.63107423,0.833333333,0.289011742
0.274555045,0.066666667,0.898178599
0.61564154,0.5,0.681585274
0.616230375,0.333333333,0.773739156
0.00591812,0.5,0.229957555
0.348170495,0.833333333,0.376355224
0.000323,1.0,0.002017222
0.357657565,1.0,0.225185727
0.49869735,0.5,0.69464451
5.95e-05,0.066666667,0.002069342
0.251378105,0.066666667,0.893833922
0.75827381,0.5,0.660928285
0.23385543,0.833333333,0.398950136
0.30765349,0.5,0.713731663
0.473231125,0.5,0.697523469
0.82401368,0.5,0.642232515
0.23044851,0.5,0.71930153
-0.001742265,0.833333333,0.000351883
0.51766437,0.5,0.692683778
0.00166075,0.5,0.062563681
0.427252435,0.066666667,0.903983789
0.421517125,1.0,0.215215253
0.119045915,0.066666667,0.853332691
0.000185,0.5,0.00190782
0.33764993,0.333333333,0.840104328
0.09765882,1.0,0.26817929
5.8e-05,0.066666667,0.00263485
0.000109,0.333333333,0.001535852
0.196293625,0.066666667,0.879589354
0.60453836,0.333333333,0.787785568
0.29036366,0.066666667,0.901016086
0.627087145,0.833333333,0.291439002
0.021593795,0.066666667,0.744592268
0.55754352,0.5,0.688332493
0.05057872,0.066666667,0.825971439
0.031440475,0.066666667,0.813098297
0.42084801,0.5,0.703179709
0.54047515,0.833333333,0.327846138
0.580917595,1.0,0.17812948
0.43087816,0.333333333,0.83480075
0.09089467,0.833333333,0.434263584
0.09990148,1.0,0.267691606
0.96049087,0.5,0.482330415
0.207926745,0.5,0.720834709
0.02646213,0.066666667,0.796118296
0.5420207,1.0,0.189799321
0.20494572,1.0,0.248063865
0.412099975,0.5,0.703785681
0.166469685,0.833333333,0.413696551
0.44569944,1.0,0.210871944
0.757748805,1.0,0.084627027
0.01233214,0.833333333,0.349513788
0.25598386,0.833333333,0.393826358
0.00690492,0.333333333,0.317405169
0.033843565,0.833333333,0.447968912
0.018343785,0.066666667,0.643158645
0.350115835,0.333333333,0.839896071
0.69260694,0.5,0.671855765
0.499879675,0.066666667,0.833066621
0.64732593,0.5,0.67768599
0.424702415,1.0,0.214669502
0.711695035,0.5,0.668776107
0.156653135,0.333333333,0.826355372
0.902230205,0.5,0.586928538
0.46269157,0.833333333,0.350756252
0.105144185,0.5,0.719113902
-0.00121594,0.833333333,0.000357985
0.231340985,0.5,0.719311522
0.11163237,0.066666667,0.850253472
0.065168895,0.333333333,0.799230223
0.17726962,0.833333333,0.410920014
0.013463395,0.5,0.508219202
0.83180436,0.5,0.638563493
0.084106335,0.333333333,0.805740019
0.000143,1.0,-0.004467094
0.622128645,0.5,0.680694867
0.70102143,0.5,0.670526752
0.09706682,0.5,0.718154503
0.38459085,0.833333333,0.368439843
0.19707493,1.0,0.249562727
0.052612865,0.5,0.71239152
0.01040636,0.833333333,0.306932328
0.27887717,1.0,0.236747952
0.62335944,0.333333333,0.761894827
0.160754375,0.066666667,0.868415352
0.326733235,0.5,0.712505466
0.014290015,0.066666667,0.483241561
0.01814427,0.333333333,0.703865175
0.256129305,0.5,0.718227384
0.329223395,0.333333333,0.840151762
0.26162343,0.066666667,0.896002322
0.483656555,0.066666667,0.852958284
0.658215105,1.0,0.149451911
0.01023824,0.833333333,0.302803355
0.01140748,0.833333333,0.330374165
0.359631925,0.066666667,0.909204544
0.015350565,0.833333333,0.38674385
0.284092475,0.833333333,0.388632211
0.55627685,0.5,0.688329792
0.82365926,1.0,0.016800162
0.588184125,1.0,0.176061726
0.000636375,0.833333333,0.049036919
0.648599035,0.5,0.677402481
0.278264375,0.5,0.716440613
0.529959265,1.0,0.192810436
0.513176755,0.333333333,0.827096271
0.78111035,0.5,0.65555917
0.890711595,0.5,0.599189807
0.105011095,0.066666667,0.847785106
0.0243164,0.333333333,0.775485013
0.416880125,0.333333333,0.835510447
0.38833162,0.066666667,0.910599881
0.754157425,1.0,0.08803743
0.5452443,0.5,0.689714632
0.16481371,0.333333333,0.827813609
0.24722358,0.066666667,0.892921976
0.10818341,0.833333333,0.428516097
0.0900013,0.5,0.7174453
0.442458885,1.0,0.211469115
0.22737122,1.0,0.244697034
0.222667445,0.066666667,0.887101431
0.254760545,0.066666667,0.89429718
0.099307195,0.066666667,0.845838472
0.724902355,1.0,0.110939926
0.226736925,0.5,0.719727672
0.29525681,0.333333333,0.840895589
0.497909175,0.066666667,0.835706753
0.379781515,0.066666667,0.909586776
0.011977955,0.833333333,0.341995411
0.15215307,0.5,0.721715223
0.677627145,0.833333333,0.259559817
0.38012413,1.0,0.221760202
0.29214512,0.066666667,0.901442312
0.32555567,0.333333333,0.840401676
0.27884404,0.833333333,0.389885683
0.52827215,0.833333333,0.331642197
0.10662284,0.066666667,0.848500282
0.35003986,0.066666667,0.908313281
0.362353155,1.0,0.224456498
0.323672,0.5,0.712802199
0.58985295,0.5,0.68472219
0.67750297,1.0,0.140033336
0.07718804,0.333333333,0.803240489
0.089710485,1.0,0.269818259
0.114094395,0.833333333,0.427322753
0.427607255,0.333333333,0.835156802
0.426524595,0.333333333,0.835268425
0.081987555,0.5,0.716864818
0.93703717,0.5,0.538231172
0.435129015,0.5,0.700977598
0.077138255,0.833333333,0.438396813
0.29629993,0.833333333,0.386450836
0.063581825,0.5,0.71451503
0.00519552,0.5,0.20359342
0.01967179,0.5,0.677301594
0.57754152,0.833333333,0.314317489
0.31159155,0.5,0.713208979
0.01668374,0.066666667,0.581118915
0.533419865,0.833333333,0.330023535
0.288072065,0.833333333,0.387843782
0.00240775,0.066666667,0.027575927
0.54897265,0.5,0.689030244
0.151217475,0.5,0.721663592
0.70372175,0.5,0.669825261
0.740175855,0.5,0.663600163
0.00410707,0.5,0.160381529
0.00961531,0.833333333,0.290219108
0.246600825,0.5,0.718718073
0.092633005,0.5,0.717414377
0.847655875,1.0,0.004020053
0.245758475,1.0,0.241837989
0.652942495,1.0,0.151809063
0.227901815,0.333333333,0.838282717
0.227646425,0.5,0.719671119
0.431236585,1.0,0.213656723
-0.00117408,0.833333333,-0.000275418
0.15256127,0.333333333,0.825450567
0.33957988,0.333333333,0.840183206
0.063070765,0.066666667,0.831277899
0.17191205,1.0,0.254211138
0.15501281,0.333333333,0.825970108
0.85949955,1.0,-0.000121274
0.62496041,1.0,0.163374541
0.04724413,0.5,0.712160844
0.804996045,0.833333333,0.0
0.002372,1.0,0.087338115
0.01674118,1.0,0.278070113
0.202360875,1.0,0.248473623
0.027824675,0.333333333,0.784935145
0.014528505,0.5,0.541956302
0.04083657,0.5,0.711306658
0.80912079,0.5,0.647352577
0.175865245,1.0,0.253498071
0.31835846,0.066666667,0.905523709
0.000501735,0.833333333,0.043886129
0.475523975,0.5,0.697183402
0.015680045,0.066666667,0.540323268
0.68099631,1.0,0.13812604
0.074801535,0.833333333,0.439152838
0.30071117,0.333333333,0.841193272
0.171448905,0.333333333,0.829633103
0.42134441,0.833333333,0.360302859
0.10688688,1.0,0.266224032
0.250179915,1.0,0.241145079
0.24972643,0.066666667,0.893476106
0.205723855,0.333333333,0.835481334
0.871452035,0.5,0.616239724
0.008916945,0.833333333,0.272939426
0.31578206,1.0,0.231022611
0.016764245,0.333333333,0.66859752
0.006867255,0.833333333,0.221791172
0.01015806,0.333333333,0.442950394
0.054441345,1.0,0.27655423
0.55834105,0.333333333,0.818934446
0.187176275,0.066666667,0.877158607
0.108263185,0.066666667,0.84912703
0.38322393,0.333333333,0.83818348
0.281436065,0.833333333,0.389217991
0.81507583,1.0,0.023425459
0.352579235,0.833333333,0.375478953
0.15421376,0.333333333,0.825795037
0.450601455,0.5,0.699824408
0.21184394,1.0,0.247190878
0.18067135,0.333333333,0.831519947
0.32131569,0.833333333,0.381519209
0.8292328,0.5,0.639702945
0.093333005,0.066666667,0.843087267
0.89659252,0.5,0.59356212
0.01857579,0.833333333,0.405001165
0.520991795,0.333333333,0.826107263
0.342175895,0.066666667,0.907689588
0.34254478,0.833333333,0.377597537
0.17895181,0.333333333,0.831215329
0.09878516,1.0,0.268016738
0.16409867,0.066666667,0.869313908
0.2409004,0.333333333,0.839082965
0.630050045,0.5,0.67971882
0.49552047,0.333333333,0.828875648
0.427446835,0.833333333,0.359315432
0.460703965,0.066666667,0.879042477
0.010669445,0.5,0.413448581
0.624933065,0.833333333,0.292491707
0.24518182,0.333333333,0.839428054
0.58601122,0.5,0.685143595
0.128132775,0.833333333,0.422990555
0.48770228,0.066666667,0.848235908
0.73942729,1.0,0.100212621
0.277971465,0.066666667,0.898770841
0.85226373,1.0,0.00237387
0.630589185,0.333333333,0.74960648
0.257181455,0.333333333,0.839957084
0.007365005,0.333333333,0.336261989
0.85773699,0.5,0.625272348
0.129331785,0.333333333,0.819511855
0.3080209,0.066666667,0.903765355
0.294926715,0.833333333,0.386673232
0.137584725,0.333333333,0.8219294
0.1969097,0.833333333,0.406463838
0.34675742,0.833333333,0.376647187
0.214726195,1.0,0.246785153
0.57210211,0.833333333,0.316581475
0.873964115,0.5,0.614239505
0.208845685,0.5,0.72072697
0.209006025,1.0,0.247474489
0.001065935,1.0,0.038104279
0.498004325,0.333333333,0.828558317
0.515266835,0.5,0.692849625
0.17795211,0.066666667,0.874136133
0.07922393,0.5,0.716575304
0.547748055,0.5,0.689326416
0.493786975,0.066666667,0.840874955
0.42894477,0.833333333,0.35897997
0.28857044,0.066666667,0.900764757
0.2988778,0.333333333,0.841046485
0.003861395,1.0,0.155199681
0.43403909,0.066666667,0.90034636
0.959217275,0.5,0.486173252
0.194445215,1.0,0.250146711
0.190467295,1.0,0.250837412
0.01933856,0.833333333,0.408707947
0.43527047,0.333333333,0.834358647
0.23317636,0.5,0.719167908
0.610720265,1.0,0.168709342
0.27298203,1.0,0.237408812
0.174887395,0.833333333,0.411615039
0.547495455,0.333333333,0.821833637
0.86281968,0.5,0.621884459
0.89308091,0.5,0.597063443
0.623003155,0.833333333,0.29346388
0.406691845,0.5,0.70408015
0.118692635,0.5,0.720263669
0.174572665,1.0,0.253783361
0.139251455,1.0,0.260317156
0.671726525,0.833333333,0.263699012
0.37722554,0.333333333,0.838386946
0.01370325,1.0,0.275934487
0.491216025,1.0,0.201497972
0.521473235,1.0,0.195004714
0.22856351,0.5,0.719577289
0.001195175,1.0,0.04409455
0.313664245,0.066666667,0.904531815
0.177237695,0.333333333,0.830924341
0.01057841,0.833333333,0.310709771
0.442007245,0.333333333,0.833801383
0.532797205,0.333333333,0.82435681
0.006951075,0.066666667,0.186216958
0.2287523,0.333333333,0.83841914
0.23658061,0.333333333,0.838813094
0.00924459,0.833333333,0.281572876
0.00706685,0.5,0.273931936
0.090902905,0.5,0.717487942
0.007416495,0.066666667,0.20618046
0.024424365,0.5,0.708256826
0.3276773,1.0,0.229356117
0.074165475,0.066666667,0.835525805
0.637176415,0.333333333,0.73473074
0.73232524,0.5,0.665099305
0.257203885,1.0,0.239773405
0.001124165,0.833333333,0.063999828
0.002847685,0.833333333,0.123155355
0.163065775,0.5,0.721271621
0.554222055,0.333333333,0.820032778
0.663193215,0.333333333,0.662003154
0.45508469,0.5,0.69944678
0.475812415,0.066666667,0.862137538
0.569753305,0.5,0.685747551
0.159906265,0.333333333,0.827162041
0.06690395,0.333333333,0.799904981
0.06568939,0.066666667,0.832305778
7.25e-05,0.066666667,0.002136179
0.12449866,0.333333333,0.818222074
0.751201755,0.5,0.662229999
0.123232285,0.5,0.720314483
0.29106246,0.5,0.715554185
0.432958185,0.5,0.70142356
0.28901732,0.333333333,0.841140386
0.07640058,0.5,0.716289633
0.790375755,0.5,0.652204698
0.01053108,0.066666667,0.335129675
0.63374031,1.0,0.159896253
0.43077704,0.5,0.701899788
0.011243725,0.833333333,0.32642885
0.10391962,0.333333333,0.812226048
0.232927285,1.0,0.243729865
0.001037205,0.5,0.033342544
0.773855455,0.833333333,0.156971255
0.87021201,0.5,0.617175342
0.133169265,0.5,0.72095814
0.12141305,0.5,0.720391445
0.059086725,0.333333333,0.79700067
0.384601615,0.5,0.706905222
0.327367605,0.333333333,0.840286719
0.032744725,0.833333333,0.447316988
0.60083405,0.333333333,0.791945311
0.016589905,0.5,0.606186723
0.08894543,0.333333333,0.807125128
0.81590137,0.5,0.644876664
0.5029588,1.0,0.199395782
0.671049155,0.5,0.674504995
0.15433206,0.833333333,0.416363569
0.755998335,1.0,0.086393334
0.21932012,0.333333333,0.837541758
0.265082545,0.066666667,0.896434363
0.471655065,1.0,0.20587197
0.014249385,0.333333333,0.58629522
0.29387271,0.066666667,0.901818893
0.176297905,0.066666667,0.873437996
0.514655795,1.0,0.196432211
0.0533296,0.066666667,0.827035147
0.57337208,0.5,0.685962345
0.1640685,1.0,0.255489411
0.405620695,0.333333333,0.836273439
0.59495001,0.5,0.683988803
0.412629065,0.833333333,0.362932339
0.215056585,0.066666667,0.885250358
0.789155925,1.0,0.048810904
0.154227765,0.066666667,0.866149485
0.486510875,0.833333333,0.344229529
0.28606269,0.5,0.716084658
0.159105385,0.066666667,0.867872529
0.012368055,0.333333333,0.524874886
0.81161705,1.0,0.026488106
0.13709069,0.066666667,0.860612876
0.47997171,1.0,0.204140131
0.33535756,0.066666667,0.907214265
0.572179675,0.5,0.685983208
0.03913903,1.0,0.278372246
0.36398763,1.0,0.22422132
0.09475684,0.333333333,0.80903539
0.43401848,0.5,0.701169753
0.020356425,1.0,0.278776696
0.766810375,1.0,0.075251304
0.318523295,0.5,0.71313463
0.20578656,0.833333333,0.404402637
0.14195154,0.066666667,0.862305201
0.41554354,0.066666667,0.907424514
0.028747655,0.333333333,0.786180698
0.19142934,0.066666667,0.878392122
0.37122474,0.333333333,0.838407543
0.013708895,0.5,0.515166462
0.668765195,1.0,0.144530998
0.001155665,0.066666667,0.005003666
0.15018375,1.0,0.257913775
0.55383127,1.0,0.186409554
0.65137418,0.833333333,0.277214754
0.2353173,0.066666667,0.889803466
0.08556175,0.066666667,0.840481526
0.436373265,0.333333333,0.8342791
0.83839318,0.5,0.635908916
0.361627185,0.333333333,0.839130011
0.423335645,0.333333333,0.835464057
0.251965715,0.833333333,0.395013538
0.54744109,0.066666667,0.760768988
0.017250705,0.5,0.624264659
0.26765606,0.066666667,0.89705131
0.194843135,0.333333333,0.833924832
0.003452415,0.833333333,0.133502976
0.131734435,0.833333333,0.422370886
0.020071305,0.333333333,0.742129142
0.10552207,0.333333333,0.81280553
0.055318085,0.5,0.712735254
0.045108125,0.066666667,0.823690358
8.55e-05,0.333333333,0.000750405
0.21082366,0.066666667,0.883991681
0.258170325,0.066666667,0.895204896
0.425904655,0.833333333,0.359490463
0.331810235,0.5,0.711928624
0.255827545,1.0,0.239941185
0.015615855,0.333333333,0.631953843
0.285471555,0.333333333,0.84104922
0.117302785,1.0,0.264480551
0.159011475,1.0,0.256386934
0.09176596,0.5,0.717454382
0.365584445,1.0,0.224011281
0.00759004,1.0,0.246832771
0.352927425,0.333333333,0.839503553
0.468898645,0.333333333,0.831136252
0.00763733,0.833333333,0.241635299
0.04356221,0.5,0.711577032
0.26587636,0.5,0.717307064
0.23569071,1.0,0.243187385
0.21415453,0.066666667,0.88493006
0.113317495,0.066666667,0.851001575
0.62095824,0.333333333,0.765718829
0.00617779,1.0,0.223093303
0.46183165,1.0,0.207743595
0.95792748,0.5,0.489921488
0.849891815,0.5,0.629737559
0.01377732,0.833333333,0.372300183
0.020557805,0.066666667,0.718336338
0.176063225,0.833333333,0.411259614
0.075922545,0.066666667,0.836479097
0.02222043,0.066666667,0.75650981
0.11055088,0.833333333,0.428040099
0.83965175,1.0,0.007291417
0.25463026,0.833333333,0.394171311
0.008276755,0.833333333,0.255614465
0.90905484,0.5,0.578947129
0.13184497,1.0,0.261727589
0.00939769,0.833333333,0.285875968
0.33559374,0.833333333,0.3785489
0.478593545,0.833333333,0.346587702
0.06600455,1.0,0.27454867
0.2863553,0.333333333,0.841058721
0.68714605,0.5,0.672351867
0.058045335,0.5,0.713410937
0.04819832,1.0,0.277242267
0.3401724,0.066666667,0.90749222
0.150693125,0.833333333,0.417253412
0.27749432,0.833333333,0.390149353
0.277312325,0.5,0.716412893
0.72781455,0.833333333,0.220166819
0.025812245,1.0,0.279086016
0.06791702,0.833333333,0.441028301
0.034912755,0.833333333,0.448493743
0.271110225,0.066666667,0.897649479
0.04665365,0.333333333,0.792896316
-0.00098434,0.833333333,0.00070155
0.019640875,0.066666667,0.688987358
0.61114105,0.333333333,0.780385742
0.579393625,0.833333333,0.31353971
0.3909447,1.0,0.21979709
0.00094471,0.833333333,0.058818171
0.605298845,0.5,0.682847958
0.115277795,0.833333333,0.427107408
0.05602485,0.066666667,0.828244459
0.00456988,0.066666667,0.098333129
0.037047585,0.833333333,0.44897979
0.00146256,0.833333333,0.074545255
0.01148612,0.333333333,0.492732616
0.00056128,0.5,0.014007214
0.360314585,0.5,0.709057441
0.04027288,0.833333333,0.448850184
0.12594237,0.5,0.720541794
0.013515615,0.333333333,0.563696653
0.225803065,0.5,0.719765118
0.314599955,0.066666667,0.904726342
0.58218884,0.5,0.685506701
0.03437451,1.0,0.278827523
0.53727263,0.066666667,0.77816983
0.072418645,0.066666667,0.834475319
0.022125445,0.333333333,0.763195861
0.528258785,1.0,0.193206469
0.234292615,1.0,0.243405526
0.004757785,0.833333333,0.168597062
0.146603045,0.5,0.721057454
0.491770495,0.066666667,0.84350556
0.00319597,0.5,0.126293414
0.21825824,0.5,0.720241842
0.23135877,0.833333333,0.399441424
0.53173784,0.833333333,0.330473429
0.66264249,0.333333333,0.663952745
0.646031025,0.5,0.678051226
0.76245049,0.5,0.660075711
0.46667118,1.0,0.206815227
0.93823636,0.5,0.536317454
0.69446536,0.833333333,0.24650642
0.30263651,0.066666667,0.903083015
0.59623049,0.5,0.683808526
0.56933182,0.333333333,0.814989526
0.02388215,1.0,0.278997476
0.57338204,0.333333333,0.812952816
0.130614525,0.066666667,0.857622801
0.380946575,0.066666667,0.90962696
0.026025345,0.333333333,0.781078256
0.29261467,1.0,0.234849663
0.66842473,0.5,0.674874215
0.501909565,0.066666667,0.83035924
0.5720379,0.333333333,0.813621078
0.000759515,0.5,0.019739314
-0.000650485,0.833333333,0.000287036
0.49281299,1.0,0.201174086
0.429618675,1.0,0.213893467
0.1697845,0.333333333,0.8291163
0.02866363,1.0,0.279068474
0.539461275,0.333333333,0.823209185
0.607412305,0.833333333,0.301375483
0.607404325,1.0,0.16991777
0.929793315,0.5,0.549597508
0.57569919,0.833333333,0.315081344
0.144041625,1.0,0.259208312
0.82866176,1.0,0.013638306
0.014670665,0.333333333,0.601534927
0.162801935,1.0,0.255689341
0.03543671,0.333333333,0.789787052
0.461895345,0.5,0.698715772
0.000166,0.833333333,0.032582199
0.373400955,0.066666667,0.909885731
0.016284175,0.066666667,0.565020812
0.578744325,0.333333333,0.81019292
0.00226756,1.0,0.08129066
0.17810213,0.333333333,0.831082402
0.373684555,1.0,0.222813607
0.34797387,1.0,0.22658673
0.061705405,0.333333333,0.797833395
0.20680756,0.066666667,0.882830336
0.60008459,0.5,0.683332373
0.53425161,0.5,0.690512002
0.20239849,0.333333333,0.834944263
0.102203655,0.333333333,0.811643014
0.173917815,0.333333333,0.830326248
0.0846982,0.066666667,0.840115605
0.0699099,0.066666667,0.833679463
0.05713105,0.5,0.713092649
0.31175945,0.066666667,0.904241488
0.58272101,0.333333333,0.807592617
0.351954825,0.333333333,0.839704428
0.00182924,1.0,0.062451947
0.550183345,0.333333333,0.821150301
0.20519682,0.066666667,0.882351966
0.304730895,0.5,0.714276719
0.185176405,1.0,0.251803083
0.54151826,0.5,0.690181257
0.37393471,0.5,0.708059699
0.193050595,0.066666667,0.878839468
0.110536475,0.333333333,0.814162328
0.444211295,0.333333333,0.833614422
0.60041202,1.0,0.172207456
0.76142702,1.0,0.081250745
0.706369725,0.5,0.669363039
0.807776505,0.5,0.647794496
0.78346846,0.833333333,0.122445927
0.021492695,0.5,0.697595035
0.06429799,0.333333333,0.798815739
0.083265435,0.333333333,0.805421115
0.010709815,0.066666667,0.343655665
0.440605665,0.5,0.700738923
0.078678125,1.0,0.27209501
0.203247335,0.833333333,0.404830598
0.21918076,0.5,0.720115347
0.74287515,0.5,0.663283302
0.465032155,1.0,0.207150158
0.24002415,0.333333333,0.839044465
0.179772715,0.833333333,0.41038037
0.001779,0.5,0.070187431
0.05647844,0.333333333,0.796141374
0.181157885,1.0,0.252469345
0.170557845,0.066666667,0.871570811
0.157756725,1.0,0.25655699
0.291263535,0.066666667,0.90126224
0.95670285,0.5,0.49353367
0.63264379,0.5,0.679520941
0.018723185,0.333333333,0.717317345
0.20901628,0.333333333,0.835784759
0.876435795,0.5,0.611961543
0.24177173,0.333333333,0.839128715
0.43764303,1.0,0.212521495
0.073607075,0.833333333,0.439458593
0.20438713,0.066666667,0.882095832
0.000231,0.5,0.003733937
0.240803315,0.5,0.719135813
0.328302205,0.333333333,0.840237094
0.216767275,0.066666667,0.885744482
0.05514438,0.066666667,0.827855877
0.476985235,0.833333333,0.347006743
0.3481918,0.333333333,0.840036069
0.123679425,0.333333333,0.817914844
0.221860175,0.333333333,0.837650455
0.76674663,0.833333333,0.173901716
0.799728305,0.5,0.650360948
0.00409095,0.333333333,0.21134528
0.252912525,0.333333333,0.839982442
0.480170615,0.833333333,0.346201197
0.006618565,1.0,0.231642086
0.155230685,1.0,0.256984265
0.45528372,1.0,0.208955852
0.396169905,0.5,0.705223578
0.486430365,1.0,0.202662335
0.446436375,0.333333333,0.83346382
0.52122479,0.5,0.692059253
0.00345797,0.066666667,0.061534477
0.47334379,1.0,0.205535282
0.765107555,1.0,0.077466272
0.5023457,0.833333333,0.339825631
0.411170825,0.833333333,0.363251716
0.14598481,0.333333333,0.824182799
0.24875642,1.0,0.241360358
0.19817757,0.333333333,0.834420397
0.00553687,0.833333333,0.188162194
0.004241515,1.0,0.170562684
0.807946885,1.0,0.029659441
0.253919095,0.066666667,0.894156238
0.40217117,0.833333333,0.364949934
0.38335307,1.0,0.221244686
0.24665992,0.833333333,0.396022046
0.910279345,0.5,0.577850903
0.08756075,0.833333333,0.435162741
0.19653327,0.333333333,0.834131916
0.072281755,1.0,0.273427309
-0.000349,0.833333333,0.011325725
0.702049775,1.0,0.126015622
0.60977366,0.333333333,0.781953895
0.456203565,0.5,0.699263909
0.195700715,0.333333333,0.834017956
0.010021155,0.833333333,0.298595449
0.45146014,0.066666667,0.887585097
0.369713585,0.5,0.708392083
0.809818925,1.0,0.028090256
0.16758752,0.5,0.721614625
0.52663409,0.833333333,0.332195406
0.30667448,0.5,0.713868644
0.009617285,0.5,0.374630885
0.44435502,0.833333333,0.355156815
0.262358525,0.333333333,0.84049739
0.44946915,0.5,0.699912577
0.3299049,0.833333333,0.379679515
0.03587567,0.066666667,0.818851493
0.09440082,0.833333333,0.433314301
0.62818428,0.333333333,0.753660787
0.228623105,0.066666667,0.888701051
0.10635615,0.333333333,0.813046542
0.16214764,0.5,0.721295749
0.23744473,0.333333333,0.83887792
0.779740735,0.5,0.655963769
0.035364125,1.0,0.278756802
0.016445155,0.833333333,0.394021881
0.23447799,0.066666667,0.889647121
-0.00191139,0.833333333,0.000273342
0.220151545,0.066666667,0.886567239
0.047898305,0.833333333,0.447058094
0.026733355,1.0,0.279093293
0.015799045,0.333333333,0.639425
0.05119304,0.833333333,0.446188473
0.000177,0.066666667,0.00320681
0.639269155,0.833333333,0.28417758
0.681816555,0.5,0.672974601
0.34916767,0.5,0.709555344
0.078030555,0.333333333,0.803565913
0.38176232,1.0,0.22156503
0.018991085,0.066666667,0.666131363
0.03865481,0.066666667,0.82064825
0.0013142,0.833333333,0.069254598
0.31021125,0.833333333,0.383509804
0.66346862,1.0,0.14706183
0.87761675,0.5,0.610902184
0.41865867,0.5,0.703434837
0.23510053,0.833333333,0.398739113
0.277380015,1.0,0.236969171
0.453963255,0.5,0.699551503
0.170035055,0.833333333,0.412766999
0.381392795,0.5,0.707240694
0.17949362,0.5,0.721105186
0.376449525,0.066666667,0.909380931
0.372882795,0.5,0.708148768
0.85249412,0.5,0.628407046
0.536774805,0.333333333,0.823644647
0.63715712,1.0,0.158436991
0.20817404,0.333333333,0.83573847
0.36068123,0.333333333,0.839168169
0.80108933,0.5,0.65002342
0.283252735,0.066666667,0.899715483
0.184863705,0.333333333,0.832388851
0.250647355,0.833333333,0.395250059
0.336309035,0.066666667,0.907326602
0.57587814,0.5,0.685795658
0.21856212,0.833333333,0.402053058
0.21071211,0.5,0.720673873
0.269322465,0.833333333,0.391847022
0.0183582,0.5,0.652497193
0.445325865,0.333333333,0.833556943
0.014097925,0.833333333,0.375991215
0.18944896,0.5,0.720959846
0.403430605,1.0,0.217824384
0.497503985,0.5,0.6947448
0.72968117,0.5,0.665770832
0.10051929,0.333333333,0.811192964
0.52949607,0.5,0.690667156
0.58626259,1.0,0.176563517
0.49922059,0.333333333,0.828329982
0.64420071,1.0,0.155761476
0.3065144,1.0,0.232770384
0.782453465,0.5,0.655229703
0.649543275,1.0,0.153344355
0.29168942,0.333333333,0.841019994
0.405639615,0.5,0.704247592
0.041312485,0.833333333,0.44863904
0.548595375,0.066666667,0.758772851
0.59205378,0.333333333,0.800842054
0.621212765,1.0,0.164629938
0.737523145,1.0,0.101601613
0.7094717,1.0,0.121526289
0.709034505,0.5,0.66892182
0.754469945,0.833333333,0.193513567
0.287084755,0.5,0.715965486
0.763273775,1.0,0.079430141
0.04050836,0.066666667,0.821555062
0.01548966,0.066666667,0.532114439
0.59754958,0.5,0.683655039
0.01933757,0.333333333,0.730128062
0.586751285,0.333333333,0.804877432
0.36654633,0.5,0.708615156
0.69659299,1.0,0.129134503
0.40517459,0.833333333,0.364426629
0.000643745,1.0,0.015973341
0.65597303,0.333333333,0.686416725
0.370791705,0.5,0.708215411
0.59332281,0.333333333,0.799635964
0.59871746,1.0,0.172840085
0.20708784,0.833333333,0.404263873
0.245531695,0.066666667,0.892571462
0.42746103,0.5,0.702423937
0.21000416,0.066666667,0.883752963
0.337012375,0.833333333,0.378418368
0.414039095,0.833333333,0.362470825
0.00032,0.833333333,0.038153361
0.13044584,0.5,0.720878363
0.358748165,0.333333333,0.839050658
0.50797786,1.0,0.198128538
0.466422205,0.5,0.698049425
0.35108869,0.833333333,0.375783486
0.0019223,0.833333333,0.096577301
0.007838825,1.0,0.250230515
0.62214818,0.333333333,0.763805193
0.19957029,0.066666667,0.880626549
0.14392777,0.5,0.720735798
0.709603405,0.833333333,0.233541483
0.60787005,0.5,0.6824294
0.821315015,0.5,0.643283046
0.193094225,0.5,0.720653925
0.46529392,0.5,0.698242094
0.15013691,0.066666667,0.864537954
0.01934019,1.0,0.278679859
0.580905175,0.5,0.685578772
0.01084207,0.333333333,0.468214558
0.167296135,0.333333333,0.828382114
0.92752846,0.5,0.553285156
0.564975325,0.5,0.686442337
0.046936835,0.066666667,0.824488104
0.437293405,0.5,0.700787719
0.3431502,0.5,0.710869193
0.102497895,0.5,0.718959009
0.19876816,0.066666667,0.880411578
0.00204264,0.333333333,0.135161193
0.710350485,0.5,0.668803932
0.445878645,0.833333333,0.354854225
0.437432195,0.066666667,0.898220232
0.77839549,0.5,0.65634288
0.024434405,0.066666667,0.78281557
0.394936735,0.066666667,0.910437312
0.12072238,0.066666667,0.853801676
0.0190191,0.333333333,0.723747442
0.66568931,0.833333333,0.267621032
0.059669105,1.0,0.275679788
0.010260825,0.5,0.398097262
0.001608605,0.833333333,0.079948229
0.56580891,1.0,0.18306491
0.595992785,0.833333333,0.306552212
0.015495425,0.5,0.574612086
0.26005058,1.0,0.239107359
0.12207806,0.333333333,0.817217952
0.095060645,0.066666667,0.843988184
0.016811985,0.5,0.612330637
0.204901555,0.333333333,0.835351806
0.55885895,0.5,0.688297141
0.135239355,0.833333333,0.421415038
0.153049735,0.5,0.721670353
0.02803407,0.066666667,0.80341068
0.000172,0.333333333,0.063665032
0.386717075,0.5,0.706515234
7.95e-05,0.066666667,0.002089824
0.01488279,0.066666667,0.507600483
0.27054118,0.5,0.716765455
0.326787425,0.066666667,0.906135754
6.25e-05,0.066666667,0.001838075
0.496749575,0.333333333,0.82873153
0.18238343,0.333333333,0.831844665
0.18837911,0.833333333,0.408116567
0.12403401,0.066666667,0.855454311
0.30704262,0.333333333,0.8409761
0.18221526,0.833333333,0.409680063
0.135443955,0.066666667,0.859717704
0.378666405,0.833333333,0.369915945
0.400657895,0.333333333,0.836810769
0.005952975,1.0,0.218664014
0.303189105,0.833333333,0.384693778
0.149477885,0.833333333,0.417488963
0.059886035,0.5,0.714013153
0.13135843,0.5,0.720983126
0.423180045,1.0,0.214952614
0.821982905,1.0,0.017961185
0.456592895,0.833333333,0.352309566
0.029656975,1.0,0.279092775
0.52003773,0.5,0.692349234
0.58443955,1.0,0.177096282
-5.5e-05,0.833333333,0.021844824
0.50340882,0.5,0.694175739
0.27632778,0.5,0.716513777
0.57472986,0.333333333,0.812258956
0.073585775,0.5,0.71597241
0.044577325,0.833333333,0.448078647
0.000129,0.333333333,-0.000905441
0.4320496,0.833333333,0.358146786
0.03004352,0.5,0.71100878
0.0233863,0.066666667,0.773004952
0.891892575,0.5,0.598107608
0.35550071,0.833333333,0.374810615
0.40962363,0.333333333,0.835420203
0.330769025,1.0,0.22884595
0.12731113,0.066666667,0.856596807
0.0132822,0.066666667,0.442258778
0.2699858,1.0,0.237701188
0.623437375,0.5,0.680476791
0.78512987,0.5,0.654418082
0.402054625,0.066666667,0.909851195
0.03498789,0.066666667,0.817976759
0.70503526,0.5,0.669620573
0.506826525,0.333333333,0.827815877
0.000484,1.0,0.005836495
0.50457308,0.5,0.694086945
0.74880683,1.0,0.092840839
0.002494015,1.0,0.093351314
0.627404155,0.5,0.679872416
0.343180435,0.066666667,0.907757788
0.17579388,0.5,0.721493877
0.217485925,1.0,0.246297315
0.356951075,0.833333333,0.374436974
0.613160475,0.833333333,0.298566835
0.2890849,0.5,0.715714701
0.00863159,0.833333333,0.2646194
0.18151849,0.333333333,0.8316589
0.16849513,0.5,0.721557327
0.27394585,0.333333333,0.841252873
0.277499435,0.333333333,0.841229626
0.151764305,0.333333333,0.825219707
0.613759285,0.333333333,0.77693949
0.282742555,0.833333333,0.388934861
0.236151165,0.066666667,0.89012134
0.69402247,0.5,0.671724098
0.004323395,0.066666667,0.089055887
0.332493755,0.066666667,0.906840622
0.38705552,0.066666667,0.910639265
0.01968135,0.333333333,0.736394519
0.010912005,0.066666667,0.352231414
-0.000277,0.333333333,0.012403633
0.18455272,0.066666667,0.876251797
0.113692595,1.0,0.265085908
0.535424595,0.333333333,0.823887455
0.152742415,1.0,0.257509412
0.000153,0.333333333,-0.00016145
0.60138583,0.5,0.683223146
0.54080595,0.333333333,0.822997098
0.294380195,0.333333333,0.840959943
0.21248526,0.066666667,0.884486574
0.00931266,0.066666667,0.282719729
0.021890595,0.066666667,0.750686992
0.006156145,0.833333333,0.202477984
0.321862375,0.333333333,0.84058479
0.90440641,0.5,0.584173447
0.875191045,0.5,0.613139821
0.384243385,0.333333333,0.838104886
0.57386869,0.833333333,0.315877492
0.916320685,0.5,0.56994501
0.3511623,0.5,0.709008148
0.26874209,0.5,0.716903034
0.34240719,0.333333333,0.840216858
0.49516399,0.5,0.695187647
0.365619785,0.833333333,0.37237399
0.33856714,1.0,0.227719254
0.384554685,0.066666667,0.910398805
0.89775621,0.5,0.592374657
0.31573943,0.833333333,0.382539684
0.00919365,0.5,0.358545685
0.17121263,0.833333333,0.412474744
0.11266715,1.0,0.265245952
0.52481602,0.066666667,0.798731508
0.02670636,0.5,0.710213652
0.496051975,0.833333333,0.341784799
0.70086578,0.833333333,0.241092626
0.011940345,0.066666667,0.39350106
0.349584995,1.0,0.226392984
0.00668288,0.333333333,0.307809559
0.01856019,0.066666667,0.650811488
0.005410065,0.333333333,0.259459862
0.404619335,0.5,0.704367362
0.16656755,0.066666667,0.870217625
0.23601892,0.5,0.71907023
0.23198139,0.066666667,0.889194791
0.16565465,0.333333333,0.827941738
0.457362365,0.5,0.699077251
0.525963685,0.5,0.691177302
0.430482905,0.833333333,0.358605972
0.049333105,0.333333333,0.793717588
0.738831945,0.5,0.663777662
0.133090085,1.0,0.261509021
0.00813489,0.066666667,0.235712272
0.75967933,0.5,0.660683424
0.10419483,0.066666667,0.847369847
0.0188587,0.5,0.662863746
0.66060868,0.5,0.676201616
0.185901985,0.833333333,0.40855376
0.013677225,0.066666667,0.458626712
0.391979655,0.5,0.705733224
0.559605575,0.833333333,0.321102573
0.83710373,0.5,0.636444764
0.04604177,0.066666667,0.824057163
0.08068635,0.333333333,0.804601133
0.768997565,0.5,0.657875289
0.69822448,0.5,0.670988062
0.04752987,0.333333333,0.793171806
0.40941994,0.066666667,0.90893017
0.267693735,0.333333333,0.840988233
0.39354778,0.833333333,0.366901792
0.070750025,0.066666667,0.833929806
0.14032724,0.066666667,0.861757827
0.60841845,0.333333333,0.783420709
0.553802105,0.5,0.688434091
0.307101735,0.066666667,0.903683646
0.055665025,0.833333333,0.444908621
0.640349305,0.333333333,0.727346021
0.72138356,0.5,0.667573816
0.60579189,0.333333333,0.786228773
0.67399992,1.0,0.141826559
0.72834917,0.5,0.666103391
0.296506585,0.066666667,0.901989022
0.689880405,0.5,0.672215444
0.47207012,0.066666667,0.86657027
0.583122195,0.833333333,0.312236537
0.337014105,1.0,0.227976637
0.020161495,0.833333333,0.412277023
0.36340765,0.5,0.708940809
0.05112192,0.333333333,0.794438418
0.25645626,0.066666667,0.894581472
0.1298015,0.066666667,0.857406651
0.110327765,1.0,0.265713838
0.514046475,0.5,0.692950655
0.155873995,0.066666667,0.866536811
0.0581961,0.333333333,0.796730524
0.748411345,0.5,0.662689902
0.299116335,0.066666667,0.902166378
0.00714351,0.333333333,0.326896363
0.141140225,0.066666667,0.862050367
0.796973365,0.5,0.650823362
0.10340404,0.5,0.719010282
0.71713674,0.5,0.66827837
0.63529744,0.5,0.679294771
0.126796395,1.0,0.262726965
0.05753802,1.0,0.276010878
0.333908615,1.0,0.228389969
0.30894546,0.066666667,0.903893199
0.017885835,0.5,0.641565703
0.017029705,0.333333333,0.675887204
0.599814545,0.833333333,0.304727397
0.12212019,1.0,0.263683334
0.59241956,0.5,0.684404916
0.4197422,0.5,0.703352942
0.002637735,1.0,0.111055885
0.408601745,0.333333333,0.835597504
0.01647021,0.066666667,0.573142782
0.169287595,1.0,0.254683227
0.361315145,0.833333333,0.373326755
0.01593433,0.5,0.587370919
0.410969115,0.5,0.703710867
0.188542645,0.5,0.72103057
0.408145705,0.833333333,0.363876276
0.5330482,0.5,0.690473697
0.334409745,0.066666667,0.907095145
0.377513935,0.066666667,0.909266392
0.270251375,0.066666667,0.897483529
0.253079615,0.066666667,0.894134705
0.370389445,1.0,0.223298113
0.730989995,0.5,0.66543288
0.15667034,0.5,0.721482849
0.56926205,1.0,0.181877809
0.01061674,0.333333333,0.459822758
0.489379235,0.333333333,0.829618624
0.01241559,0.066666667,0.409715317
0.126881125,0.333333333,0.818863893
0.352761635,1.0,0.225908903
0.80370082,0.833333333,0.081553105
0.517086715,0.333333333,0.826607672
0.11988872,0.066666667,0.853560297
0.78647194,0.5,0.65382015
0.243838635,0.066666667,0.892142827
0.338974255,0.5,0.711249753
0.01848165,1.0,0.278551023
0.844547035,1.0,0.005243678
0.09651919,1.0,0.268350124
0.564228265,1.0,0.183523647
0.000101,0.066666667,0.002921338
0.07250814,0.833333333,0.439764614
0.467531685,0.5,0.69793886
0.353242785,0.5,0.708980302
0.015170625,0.333333333,0.616857691
0.146014065,0.066666667,0.863300338
0.1421362,0.5,0.720863395
0.257316445,0.066666667,0.894914541
0.10964644,0.5,0.719576888
0.18651601,0.333333333,0.832647935
0.39883188,1.0,0.21859573
0.05125211,1.0,0.276972848
0.085301065,0.833333333,0.435645992
0.577127125,0.5,0.685748406
0.609313645,0.833333333,0.300417618
0.47007267,0.333333333,0.830986616
0.13293675,0.833333333,0.422068491
0.469785635,0.5,0.697643882
0.029675695,0.333333333,0.787044061
0.007680435,0.066666667,0.216093541
0.140057195,0.333333333,0.822383563
0.44279626,0.833333333,0.355553367
0.40648573,0.066666667,0.909277411
0.39206522,0.833333333,0.367163267
0.787449645,1.0,0.050975197
0.359890465,0.833333333,0.373705689
0.6548135,0.333333333,0.689814318
0.385259845,0.333333333,0.83800764
0.278362545,0.333333333,0.841160943
0.242966905,0.066666667,0.89190791
0.005710055,0.333333333,0.269140649
0.23029077,0.066666667,0.888837649
0.222720125,0.333333333,0.837722645
0.52500256,0.833333333,0.332705071
0.448971055,0.833333333,0.354187952
0.63504969,0.333333333,0.740245563
0.281971395,0.333333333,0.840967122
0.329622255,0.066666667,0.9064078
0.088592285,1.0,0.270091248
0.00217541,0.5,0.085840753
0.13051952,1.0,0.262025015
0.081059375,0.5,0.716792853
0.50934095,0.333333333,0.827643104
0.652517235,0.5,0.676750606
0.08646918,0.5,0.717381781
0.081936775,1.0,0.271523654
0.50176587,0.333333333,0.828078662
0.217319115,0.5,0.720282219
0.50429427,0.333333333,0.827984876
0.384939765,1.0,0.220980209
0.416680655,1.0,0.216152628
0.015881765,0.066666667,0.548586276
0.412700545,0.333333333,0.835253169
0.095596035,0.333333333,0.809374396
0.367590515,0.5,0.708620426
0.82266407,0.5,0.642779754
0.354020985,0.833333333,0.375155747
0.14169178,1.0,0.259820001
0.66710896,0.5,0.675088465
0.042368695,0.066666667,0.822363033
0.380240215,0.333333333,0.838272526
0.194032335,0.333333333,0.833765095
0.18980384,0.333333333,0.832989115
0.1030671,0.333333333,0.81192941
0.06450389,0.5,0.714710095
0.458664935,0.333333333,0.831948562
0.36392732,0.066666667,0.909482375
0.792885075,1.0,0.044468503
0.005732975,0.833333333,0.192859397
0.52832542,0.5,0.690783708
0.012909165,0.833333333,0.360951601
0.48350583,0.5,0.696189719
0.000291,0.5,0.006211761
0.161544165,0.333333333,0.827393581
0.107193365,0.333333333,0.813282731
0.691370885,1.0,0.132288457
0.102443695,0.833333333,0.430447035
0.2022587,0.5,0.720990648
0.0649476,1.0,0.274710748
0.04409522,1.0,0.277670427
0.84291442,1.0,0.005879157
0.001798725,0.333333333,0.125712324
0.076790495,0.066666667,0.836890181
0.00718065,0.066666667,0.19622073
0.57259858,1.0,0.180876492
0.01629466,0.333333333,0.654143007
0.018135415,0.066666667,0.635520407
0.768556305,1.0,0.073174033
0.44867435,0.333333333,0.83318452
0.41499204,1.0,0.216475535
0.07756562,1.0,0.272325081
0.34213985,0.5,0.710990011
0.39549449,0.333333333,0.837176088
0.599605055,0.333333333,0.793099611
0.114147955,0.066666667,0.851389509
0.370376675,0.066666667,0.909600422
0.19948652,0.5,0.72082602
0.35853073,0.066666667,0.90914543
0.002572695,1.0,0.105290485
0.371847295,0.5,0.708181578
0.00091428,0.5,0.026302003
0.053497475,0.5,0.712504303
0.004005495,0.833333333,0.148760691
0.29719962,1.0,0.234092814
0.628722485,0.5,0.679767037
0.0726654,0.5,0.71574341
0.46201198,0.333333333,0.83183963
0.300380735,0.833333333,0.385481729
0.57916465,1.0,0.178676981
0.00661907,0.5,0.256381741
0.818591775,0.5,0.643930377
0.007095415,1.0,0.239577916
0.19584956,0.5,0.720620784
0.439732945,0.333333333,0.833999396
0.07454994,0.5,0.716130456
0.121088585,0.833333333,0.425184961
0.21070031,0.333333333,0.835773507
0.238908885,0.833333333,0.397925937
0.040201445,0.333333333,0.791166268
0.33417693,0.833333333,0.378859585
0.12897184,0.066666667,0.857222328
0.02354797,0.333333333,0.771795933
0.85077483,1.0,0.002907488
0.39653615,0.333333333,0.837104639
0.063888055,1.0,0.274890645
0.01781508,0.833333333,0.401147193
0.45307533,0.333333333,0.832517664
0.30891459,0.333333333,0.841065156
0.73622176,0.5,0.66441207
0.306125,0.333333333,0.841013105
0.214732685,0.833333333,0.402633541
0.407597095,0.333333333,0.835779713
0.029171785,0.5,0.710852186
0.74008476,0.833333333,0.209478792
0.801112655,0.833333333,0.08513153
0.153372515,0.333333333,0.825661022
0.05150295,0.066666667,0.82630952
0.743284635,1.0,0.097427003
0.125283625,0.333333333,0.818480931
0.447426475,0.833333333,0.35453459
0.01728584,0.333333333,0.682972136
0.53342472,1.0,0.191932017
0.07828365,0.833333333,0.437912941
0.153407495,0.066666667,0.865842925
0.01510634,0.066666667,0.515771973
0.066837875,0.833333333,0.441309407
0.262497035,0.066666667,0.896112319
0.109189035,1.0,0.265944179
0.82792264,0.5,0.640368513
0.44893641,1.0,0.210216618
0.263361105,0.066666667,0.896163988
0.6480818,0.333333333,0.708391459
0.003259445,1.0,0.133951946
0.4219534,0.5,0.703026282
0.507915895,0.066666667,0.822056735
0.67240112,0.5,0.674301455
0.562520615,0.333333333,0.817810393
0.3358403,0.5,0.711510459
0.14342514,0.333333333,0.823456198
0.09193657,1.0,0.2693802
0.675803525,1.0,0.140940166
0.94979824,0.5,0.511390744
0.08016652,0.5,0.716656577
0.006717565,0.066666667,0.176238481
0.3411688,0.833333333,0.377857941
0.010485195,1.0,0.269071643
0.718558565,0.5,0.668055952
0.3215685,1.0,0.229881646
0.23137651,0.333333333,0.838722263
0.10070295,0.5,0.71898446
0.36257419,0.333333333,0.839063296
0.4535566,0.833333333,0.353003237
0.84735416,0.5,0.630996807
7.85e-05,1.0,-0.005506879
0.08060739,0.833333333,0.437046317
0.409897165,0.5,0.703680738
0.007563295,0.333333333,0.345530773
0.4881114,0.833333333,0.343861371
0.02096882,0.333333333,0.753284595
0.27712686,0.066666667,0.898694151
0.0508341,0.5,0.712385317
0.1712338,0.5,0.721621321
0.104757835,0.333333333,0.812553807
0.549808985,0.066666667,0.75674488
0.02571012,0.066666667,0.792048065
0.2814928,0.066666667,0.89925713
0.149427485,0.5,0.721507812
0.26131396,0.833333333,0.392855713
0.73373478,1.0,0.10437505
0.0179282,0.066666667,0.627758714
0.645368775,0.833333333,0.280782285
0.12559576,1.0,0.263001638
0.63660476,0.5,0.679188329
0.04299535,0.333333333,0.792001911
0.12931855,0.833333333,0.422871121
0.153951165,0.5,0.721664235
0.000323,0.066666667,0.003484869
0.017054025,0.833333333,0.397562518
0.16977088,0.066666667,0.871222934
0.30985209,0.333333333,0.841088489
0.433067615,0.333333333,0.834576314
0.011825725,0.5,0.450746162
0.456912985,1.0,0.208615108
0.453683275,1.0,0.209277252
0.38165191,0.833333333,0.369262472
0.27447818,1.0,0.237318657
0.097975085,0.5,0.718366856
0.01160352,0.833333333,0.334245662
0.380168965,0.833333333,0.369618579
0.06804818,1.0,0.274136051
0.206039605,0.5,0.720909571
0.12607588,0.333333333,0.818617354
0.805090375,0.5,0.648627753
0.162361405,0.333333333,0.827537944
0.35521817,0.066666667,0.90884675
0.926336745,0.5,0.555161281
0.296892195,0.5,0.714846406
0.21164588,0.066666667,0.884172953
0.53870532,0.833333333,0.32840894
0.375429615,0.066666667,0.909933491
0.62939785,0.333333333,0.751789266
0.264148505,0.333333333,0.840626794
0.50076392,0.833333333,0.340359645
0.46995104,1.0,0.206210776
0.460162,1.0,0.208038581
0.489672465,0.833333333,0.343467408
0.06175059,1.0,0.275255574
0.295917235,0.5,0.714903109
0.156817805,0.833333333,0.415737531
0.299811215,0.5,0.714692931
0.620820145,0.5,0.680929254
0.22944639,0.066666667,0.888825724
0.555535555,1.0,0.185935468
0.58406619,0.333333333,0.806725518
0.158488265,0.5,0.721419356
0.423839565,0.066666667,0.905169252
0.004408485,0.833333333,0.158757403
0.05232437,0.833333333,0.445827069
0.10023349,0.833333333,0.431453601
0.880061855,0.5,0.60880274
0.793446895,0.833333333,0.096090849
0.47367029,0.333333333,0.830832107
0.224508255,1.0,0.245133599
0.214167075,0.333333333,0.836736338
0.28807892,0.5,0.715811072
0.715767905,0.5,0.668463801
0.258050505,0.333333333,0.83999296
0.333875245,0.333333333,0.840017163
0.21320997,1.0,0.246988001
0.390592625,0.833333333,0.367428984
0.24773555,0.333333333,0.839627814
0.198564785,0.5,0.720759229
0.06039886,0.066666667,0.830268689
0.693097585,1.0,0.131261977
0.66974061,0.833333333,0.265082904
0.535207295,0.833333333,0.329486853
0.477728875,0.066666667,0.859716528
0.018114705,0.5,0.64700766
0.01399197,0.333333333,0.578831845
0.456427215,0.333333333,0.832128105
0.163172755,0.333333333,0.827626198
0.346106885,0.066666667,0.90801598
0.439114495,0.066666667,0.897071838
0.381182225,0.333333333,0.838262799
0.35972383,0.333333333,0.839151859
0.55603518,0.833333333,0.322295279
0.37239665,0.066666667,0.909816889
0.000147,0.333333333,0.001227032
0.07651804,1.0,0.272534351
0.1849584,0.5,0.721167877
0.26149978,0.333333333,0.840371379
0.452859385,0.5,0.699722387
0.390377545,0.333333333,0.837511917
0.53696488,0.833333333,0.328989838
0.46345046,1.0,0.207486929
0.02724745,0.066666667,0.799970113
0.03062757,0.333333333,0.787875275
0.378567135,1.0,0.222017182
0.50225086,0.5,0.694294431
0.323740265,0.333333333,0.8404809
0.32469337,0.5,0.712698364
0.10887949,0.333333333,0.813879531
0.029701705,0.066666667,0.809212043
0.00283492,0.333333333,0.163659138
0.3172266,1.0,0.230729397
0.24279659,1.0,0.242154196
0.714693025,1.0,0.117914285
3.51e-05,0.333333333,0.002557769
0.240373635,0.066666667,0.891068996
0.1566859,0.066666667,0.866823919
0.331326115,0.833333333,0.379373131
0.002054965,1.0,0.068923806
0.59411311,0.833333333,0.307596843
0.68167366,0.833333333,0.256604964
0.00906575,0.066666667,0.273639472
0.40504706,1.0,0.217602429
0.243445035,0.333333333,0.839232797
0.14682208,0.333333333,0.82432011
0.06082142,0.333333333,0.797542496
0.464274025,0.333333333,0.83180547
0.366399245,0.333333333,0.838616147
7.75e-05,0.066666667,0.001951743
0.031531695,1.0,0.279000197
0.122328675,0.5,0.720370554
0.93337902,0.5,0.543888752
0.0212914,1.0,0.278898613
0.595254195,1.0,0.174029202
0.0657285,0.833333333,0.44174077
0.030612195,1.0,0.2790778
0.320063715,0.333333333,0.840760534
0.11468526,0.333333333,0.81545514
0.00903177,0.333333333,0.399552832
0.232254755,0.5,0.71924856
-0.001580895,0.833333333,-0.000181948
0.21597715,0.833333333,0.40239595
-0.000189,0.833333333,0.016485116
0.791669995,0.5,0.651771461
0.3883677,0.333333333,0.837705518
0.466394975,0.066666667,0.87295161
0.00991446,0.066666667,0.309231211
0.12770037,0.333333333,0.819156829
0.511671085,0.5,0.693120292
0.435103645,0.833333333,0.357299566
0.33794389,0.5,0.711382871
0.1114279,0.333333333,0.814452101
0.355817005,0.333333333,0.839146061
0.406608095,0.333333333,0.83599807
0.09674389,0.833333333,0.432587136
0.42525807,0.5,0.702693527
0.226150345,0.333333333,0.837846683
0.328467045,0.833333333,0.380067824
0.26593411,0.066666667,0.896669135
0.14466276,0.833333333,0.418656667
0.00077112,0.833333333,0.053851969
0.00215565,0.066666667,0.020587221
0.009721895,0.333333333,0.425905238
0.00644411,0.066666667,0.166320132
0.77145151,0.833333333,0.164050491
0.509631685,1.0,0.197732877
0.60356995,0.833333333,0.303116161
0.385808665,0.066666667,0.910582049
0.02663669,0.833333333,0.436338041
0.18323276,0.333333333,0.832019257
0.3562606,0.5,0.709076089
0.40776132,0.5,0.703981917
0.403522865,0.066666667,0.909703116
0.484873355,0.833333333,0.344658024
0.222962405,0.5,0.719996062
0.71300607,1.0,0.119070129
0.093043045,1.0,0.269107935
0.13790029,0.066666667,0.860953592
0.070373295,0.333333333,0.801053151
0.00500281,0.5,0.194967658
0.118785585,0.833333333,0.426084116
0.061279865,0.066666667,0.830652396
0.00555114,1.0,0.209309187
0.20507347,0.5,0.720891494
0.65533667,0.833333333,0.27458244
0.000154,0.333333333,0.000104467
0.37423563,0.833333333,0.370968853
0.602068695,1.0,0.171581606
0.62701488,0.333333333,0.755812184
0.45701329,0.066666667,0.882579216
0.71635232,1.0,0.116703004
0.273419085,0.5,0.716489048
0.330812785,0.5,0.712044233
0.61433668,0.5,0.681707757
0.036777685,0.066666667,0.819517942
0.8202875,1.0,0.019266295
0.54031475,0.5,0.690257764
0.000701465,1.0,0.021372695
0.233993605,0.333333333,0.838756238
0.813428555,1.0,0.024924483
0.092480145,0.066666667,0.842681905
0.37924403,0.333333333,0.838310033
0.2443173,0.333333333,0.839278219
0.013090835,0.333333333,0.548426895
0.31868939,1.0,0.230498537
0.53106552,0.066666667,0.788929224
0.08384783,0.066666667,0.839566779
0.18368554,0.066666667,0.875955084
0.12692554,0.833333333,0.42329512
0.406672095,1.0,0.217365854
0.304359435,0.333333333,0.841092275
0.816765895,1.0,0.022019065
0.60555713,1.0,0.170480135
0.151911665,0.833333333,0.417091359
0.31264998,0.333333333,0.841116608
0.103612475,0.833333333,0.429959804
0.80238184,0.5,0.649554528
0.493050695,0.333333333,0.82921428
0.00142252,0.066666667,0.0072502
0.10442918,1.0,0.266814837
0.825385535,1.0,0.015722785
0.417142,0.066666667,0.907073624
0.00335072,0.333333333,0.182530947
0.54711797,1.0,0.188315226
0.047200245,1.0,0.277353917
0.32612766,1.0,0.229547381
0.039936295,0.5,0.711356813
0.215876035,0.333333333,0.837201049
0.707294375,0.833333333,0.235358129
0.955444105,0.5,0.49680718
0.08153487,0.333333333,0.804868112
0.12156121,0.066666667,0.853978353
0.626059175,0.5,0.680062616
0.31354235,0.5,0.713239517
0.05902091,0.833333333,0.443762865
0.78563528,1.0,0.053183599
0.89428129,0.5,0.595884858
0.640683025,0.5,0.678758176
0.21165374,0.5,0.720653444
0.4706313,0.833333333,0.348551211
0.29083709,0.333333333,0.841074413
0.32866528,0.066666667,0.906237244
0.211560805,0.333333333,0.83594493
0.818533395,1.0,0.020622029
0.377182035,0.833333333,0.370243243
0.72313848,1.0,0.112104787
-0.000384,0.333333333,0.018333423
0.41154745,1.0,0.21679824
0.463127535,0.333333333,0.831858182
0.3986077,0.333333333,0.836911928
0.00641031,0.5,0.247620636
0.281761835,1.0,0.236326162
0.06081963,0.5,0.714150153
0.6947614,1.0,0.130253547
0.567983755,0.333333333,0.815649377
0.58271521,1.0,0.177620472
0.554244745,0.833333333,0.32286739
0.12953975,0.5,0.720766564
0.06654485,0.066666667,0.832643003
0.22204208,0.5,0.719982598
0.213288,0.333333333,0.836468221
0.25299972,1.0,0.24059876
0.592214265,0.833333333,0.308446334
0.68282434,1.0,0.137155206
0.147678385,0.333333333,0.824501276
0.439508105,0.5,0.700769053
0.79853555,0.833333333,0.088573065
0.40147913,0.5,0.70478926
0.795634445,0.5,0.650962094
0.01987403,0.066666667,0.696670705
0.5062704,1.0,0.198565447
0.142251575,0.833333333,0.419405083
0.182507605,1.0,0.252220103
0.14434874,0.066666667,0.862906893
0.02104404,0.066666667,0.731984742
0.012842685,0.5,0.487107352
0.012447465,0.5,0.472627121
0.17030985,0.5,0.72163014
0.48974728,0.066666667,0.845784896
9.5e-05,0.333333333,0.00054625
0.21445839,0.5,0.720465005
0.193119345,1.0,0.25036438
0.661933795,0.5,0.676097198
0.79431182,0.5,0.651096001
0.269391395,0.066666667,0.897343943
0.39447001,0.333333333,0.837241777
0.867712075,0.5,0.618945038
0.581266905,0.833333333,0.312864073
0.201312185,0.5,0.72088201
0.165310385,1.0,0.255288564
0.602716875,0.5,0.683123038
0.042025795,1.0,0.277999777
0.540275895,1.0,0.190313051
0.090816445,1.0,0.269582268
0.31270103,0.066666667,0.904326617
0.92181451,0.5,0.561895061
0.60328998,0.333333333,0.789273948
0.757027995,0.833333333,0.189963819
0.593671525,0.5,0.684200444
0.150152615,0.333333333,0.824901184
0.68794455,1.0,0.134277505
0.000133,0.333333333,-0.000525216
0.005340225,0.833333333,0.183460047
0.397184135,1.0,0.21890323
0.30177583,0.5,0.714728375
0.1517712,0.066666667,0.865159952
0.157601105,0.5,0.721530899
0.011384405,0.5,0.435900561
0.792989975,0.5,0.651370771
0.496346495,0.5,0.694962208
0.099086685,0.833333333,0.431764354
0.31648059,0.5,0.713143261
-0.000433,0.333333333,0.025040934
0.84128423,1.0,0.006571293
0.003838075,0.833333333,0.14379453
0.19202037,0.833333333,0.407601568
0.511296415,1.0,0.197290117
0.48470056,0.5,0.69602848
0.000710635,1.0,0.026849465
0.347098205,0.066666667,0.908106708
0.35833948,0.5,0.709146662
0.250342815,0.5,0.718597125
0.675643735,0.833333333,0.260872741
0.231589025,1.0,0.244003154
0.05425624,0.066666667,0.827462868
0.06727548,0.5,0.714889407
0.51648143,0.5,0.692728956
0.652538005,0.333333333,0.696353769
0.02188909,0.833333333,0.419439149
0.72662261,1.0,0.109690514
0.004369325,1.0,0.175486862
0.49289635,0.833333333,0.342595424
0.003590865,0.333333333,0.192185064
0.308637025,0.5,0.713508945
0.088683285,0.833333333,0.434903336
0.089023635,0.066666667,0.841536148
0.3872906,0.333333333,0.837833274
0.309770725,1.0,0.232367236
0.535174985,0.066666667,0.781844371
0.78380089,0.5,0.654899392
0.473838725,0.833333333,0.347808426
0.45173574,0.5,0.699763417
0.01230259,1.0,0.273905403
0.0984676,0.066666667,0.845609287
0.719522725,0.833333333,0.226101585
0.950884045,0.5,0.508872251
0.177134385,0.066666667,0.873785163
0.054734345,0.333333333,0.795597634
0.266796545,0.066666667,0.896837296
0.03228988,0.066666667,0.81462045
0.283288975,1.0,0.236111742
0.10255628,0.066666667,0.846783184
0.113067235,0.333333333,0.814866152
0.91391842,0.5,0.573175504
0.011602195,0.5,0.443325769
0.24940708,0.5,0.718691829
0.21351077,0.5,0.720574233
0.707735,1.0,0.122772957
0.22485474,0.5,0.719830087
0.67935304,1.0,0.13910079
0.39344575,0.333333333,0.837301031
0.18226269,0.5,0.721180116
0.012482185,0.833333333,0.353451707
0.47831502,1.0,0.204524508
0.27439516,0.5,0.716527877
0.128525815,0.333333333,0.819363404
0.116918715,0.5,0.720201144
0.88248965,0.5,0.606806145
-0.000422,0.333333333,0.032408604
6.8e-05,0.066666667,0.002205152
0.741519825,0.5,0.663445691
0.012840395,0.333333333,0.540553001
0.728350015,1.0,0.108388763
0.003964065,1.0,0.160438421
0.159408365,0.5,0.721315272
0.18383609,1.0,0.252030695
0.555614975,0.333333333,0.819704453
0.562496075,1.0,0.183973198
0.063464205,0.833333333,0.442277772
0.05439894,0.5,0.712603374
0.36865158,0.5,0.708534478
0.376195365,0.333333333,0.838389106
0.359223915,1.0,0.224919377
0.65125469,1.0,0.152559005
0.15493262,0.5,0.721631019
0.530667915,0.5,0.690567361
0.0046179,0.333333333,0.230565862
0.00950713,0.333333333,0.417232301
0.510618515,0.333333333,0.82746465
0.50124764,1.0,0.199745017
0.19711313,0.066666667,0.879930013
0.00086523,0.333333333,0.088384029
0.010460375,0.5,0.405742111
0.020657325,0.5,0.690123626
0.015369775,0.333333333,0.624379748
0.543519205,0.333333333,0.822691477
0.28309117,0.5,0.716201547
0.22702265,0.333333333,0.83809943
0.292182025,0.833333333,0.387174933
0.29901239,0.833333333,0.385812763
0.576080495,0.333333333,0.811561443
0.00296636,0.5,0.118039268
0.004785765,0.5,0.186257763
0.346374815,1.0,0.226830293
0.84486844,0.5,0.632447265
0.3560239,1.0,0.22541949
0.032672785,0.5,0.711056443
0.579638805,0.5,0.685656136
0.062666375,0.5,0.714452922
0.18406537,0.5,0.72108572
0.63609974,0.333333333,0.737379777
0.86080402,1.0,-0.000541148
0.747119835,1.0,0.094576349
0.16577588,0.5,0.721476027
0.296166665,0.333333333,0.840905188
0.07976814,0.333333333,0.804273049
0.31713315,0.833333333,0.38229183
0.040071665,1.0,0.278210708
0.124126655,0.5,0.72029918
0.199423265,0.833333333,0.405795963
0.36851515,0.833333333,0.371934429
0.22628991,0.833333333,0.400568683
0.333817445,0.5,0.711640954
0.148971335,1.0,0.258191222
0.37529313,1.0,0.222579537
0.23890418,0.5,0.719223369
0.42436649,0.333333333,0.835414869
0.16047368,0.833333333,0.415005508
0.30343878,0.333333333,0.841115896
0.4079509,0.066666667,0.909185508
0.264261655,1.0,0.238383882
0.19765217,0.5,0.720766236
0.469000465,0.833333333,0.34893328
0.63206398,1.0,0.160489527
0.112897975,0.833333333,0.427609729
0.272459575,0.5,0.716471744
0.443903385,0.5,0.700566697
0.01920936,0.066666667,0.673834826
0.26859444,0.333333333,0.841051401
0.446055815,0.066666667,0.891921266
0.37205253,1.0,0.223086863
0.45963594,0.833333333,0.35152038
0.135950955,0.333333333,0.821593406
0.023101365,0.5,0.705194333
0.743174345,0.833333333,0.206571485
0.398277975,0.5,0.704940934
0.284560735,0.333333333,0.841010944
0.105824125,0.066666667,0.848188957
0.25990407,0.066666667,0.895614215
0.543911295,0.833333333,0.326841919
0.141736375,0.333333333,0.822834621
0.26421957,0.066666667,0.896275487
0.49758299,0.833333333,0.341316565
0.612449705,1.0,0.168105486
0.335458835,1.0,0.228160586
0.275723165,0.333333333,0.841335002
0.313017115,0.833333333,0.383177811
0.023750735,0.5,0.706955825
0.2720763,0.833333333,0.39128612
0.216749275,0.333333333,0.83737006
0.099810325,0.5,0.718753348
0.433572925,0.833333333,0.357737266
0.41321501,0.5,0.703778964
0.37137377,0.833333333,0.371405459
0.72278391,0.5,0.667352177
0.087344575,0.333333333,0.806783214
0.266848935,0.5,0.717151662
0.02565892,0.833333333,0.433222489
0.361822185,0.066666667,0.909540356
0.103283275,1.0,0.267079571
0.08639359,1.0,0.270572697
0.00086164,1.0,0.032573155
0.06605554,0.333333333,0.799628584
0.379213745,0.5,0.707537129
0.10096639,0.066666667,0.846262065
0.77159271,0.5,0.65723034
0.0808284,1.0,0.271732235
0.64472351,0.5,0.678281567
0.045149795,1.0,0.277593002
0.895435225,0.5,0.594653619
0.31061375,0.5,0.713275842
0.24805072,0.066666667,0.893098991
0.961742345,0.5,0.477646181
0.282369715,0.066666667,0.899480109
0.21636595,0.5,0.72040704
0.25902861,0.066666667,0.895359399
0.245373395,0.833333333,0.396344523
0.056227615,0.5,0.712812415
0.4026593,0.333333333,0.836663497
0.120888135,1.0,0.263919898
0.03177545,0.5,0.711066676
0.31993693,0.833333333,0.381761575
0.56616693,0.5,0.686145956
0.392410045,0.333333333,0.837413354
0.65025367,0.333333333,0.70227846
0.155556675,0.833333333,0.416033311
0.012832415,0.066666667,0.425836904
0.610467035,0.5,0.682082356
0.42118113,0.333333333,0.835537129
0.095401155,1.0,0.268568133
0.351027885,0.066666667,0.908437663
0.24889567,0.066666667,0.893276848
0.842257965,0.5,0.633702937
0.05202643,0.333333333,0.79472255
0.878843935,0.5,0.609914669
0.07632833,0.333333333,0.802929126
0.319130035,0.333333333,0.840845898
0.14848994,0.333333333,0.824664456
0.21332676,0.066666667,0.884764524
0.424427355,0.833333333,0.359684563
-0.00106345,0.833333333,0.000333903
0.265031915,0.333333333,0.840680962
0.53408164,0.333333333,0.824124733
0.315534845,0.066666667,0.904950013
0.419876125,1.0,0.215532475
0.09639637,0.333333333,0.809798981
0.940527445,0.5,0.532293702
0.246877265,0.333333333,0.839616684
0.51044787,0.5,0.693205137
0.101780455,0.066666667,0.846551435
0.067380965,0.066666667,0.832932204
0.107829565,0.5,0.71931381
0.43972631,0.833333333,0.356153402
0.02101365,0.833333333,0.415740123
0.01378139,0.333333333,0.571306326
0.036283515,0.5,0.711186088
0.36931984,0.333333333,0.838426067
0.210930125,0.833333333,0.403351535
0.619361365,1.0,0.165324521
0.26947852,0.333333333,0.841101241
0.053410285,1.0,0.276736653
0.6159365,1.0,0.166818885
0.113340045,0.5,0.71974621
0.48008207,0.5,0.696582202
0.142900035,1.0,0.259503743
0.865268155,0.5,0.620284032
0.006149085,0.066666667,0.156282988
0.06259059,0.333333333,0.798117853
0.141062295,0.833333333,0.419765157
0.68619029,1.0,0.135252234
0.02031148,0.5,0.686072958
0.004505775,1.0,0.180311904
0.001202205,0.5,0.040596571
0.713045335,0.5,0.668685053
0.64587136,0.333333333,0.713986936
0.759537075,0.833333333,0.186063594
0.209623515,0.833333333,0.403636872
0.543695275,1.0,0.189319594
0.513641665,0.833333333,0.336363687
0.58342643,0.5,0.685452258
0.134638875,0.066666667,0.859373615
0.60917741,0.5,0.68222575
0.000108,0.833333333,0.027144992
0.51833092,0.066666667,0.80750247
0.013148345,0.833333333,0.364762772
0.563909575,0.333333333,0.817340155
0.814545895,0.5,0.645325608
0.62905991,0.833333333,0.290307375
0.618226515,0.5,0.681370353
0.000379,0.333333333,0.071292363
0.207691135,1.0,0.24762199
0.061759435,0.5,0.714320179
0.611324455,0.833333333,0.299492632
0.523609775,0.333333333,0.825721477
0.41755369,0.5,0.703539652
0.44429755,0.066666667,0.893394153
0.790987215,1.0,0.04656362
0.375713795,0.833333333,0.37069459
0.004857365,1.0,0.19011717
0.09161583,0.066666667,0.842329381
0.32059709,0.5,0.712964674
0.2296294,0.333333333,0.838515284
0.39499656,0.833333333,0.3666265
0.772251955,1.0,0.06903948
0.591138405,0.5,0.68460389
0.143466285,0.833333333,0.418978167
0.32465795,0.333333333,0.840370913
0.33346211,0.066666667,0.906976949
0.66159521,0.833333333,0.270397542
0.03736888,0.333333333,0.790302847
0.92067049,0.5,0.563530234
0.00269751,0.066666667,0.035583276
0.489649045,1.0,0.201820232
0.31930492,0.066666667,0.90562774
0.425433285,0.333333333,0.835327899
0.94767474,0.5,0.516476489
0.21242272,0.333333333,0.836183897
0.4597833,0.333333333,0.8319644
0.012684635,0.833333333,0.357196211
0.563255185,0.833333333,0.320096288
0.661735085,1.0,0.147912119
0.049958065,0.5,0.712329663
0.004969085,0.833333333,0.173558007
0.0573571,0.333333333,0.796400488
0.481622345,1.0,0.20381035
0.20413819,0.5,0.72091888
0.03957457,0.066666667,0.821147542
0.692349375,0.833333333,0.248419489
0.166625105,1.0,0.255069614
0.590022805,1.0,0.175596491
0.707711155,0.5,0.669148726
0.0219905,0.5,0.700637577
0.207620115,0.066666667,0.883003268
0.486941705,0.333333333,0.829924612
0.32584669,0.066666667,0.906017214
0.754049215,0.5,0.661750711
0.161221815,0.5,0.721243058
0.073305495,1.0,0.273210915
0.33670493,0.333333333,0.839983198
0.370258675,0.333333333,0.838403689
0.55973646,0.333333333,0.818604784
0.133475875,0.333333333,0.820879093
0.700146285,1.0,0.127086859
0.170585,1.0,0.254480931
